Color 1,Color 2,Contrast Ratio
Black,Yellow,7.211160632135308
Black,White,9.988179393785432
Black,Bright Green,7.828826942325656
Black,Bright Yellow,9.120722814625996
Black,Bright Blue,7.690837036907147
Black,Bright White,12.4650671335544
