Color 1,Color 2,Contrast Ratio
Black,Green,6.440626355607815
Black,Blue,5.407181652290598
Black,Cyan,5.197269459234522
Black,Bright Red,5.640863856347702
Black,Bright Magenta,5.61708016555825
Black,Bright Cyan,6.5420942868622625
White,Bright Black,4.960335932494737
Bright Black,Bright Yellow,4.5295391005755254
Bright Black,Bright White,6.19040947962947
