Color 1,Color 2,Contrast Ratio
Black,Red,4.376548121984663
Black,Magenta,4.006926311353004
Green,Bright Black,3.1985479114814126
Yellow,Bright Black,3.581211128509357
Magenta,Bright White,3.110880052432351
Bright Black,Bright Green,3.8879569599503614
Bright Black,Bright Blue,3.8194283263342235
Bright Black,Bright Cyan,3.248938979318109
